problem_id,goal,task_success,task_plan,task_plan_success_prefix
train/pick_and_place_simple-TomatoSliced-None-CounterTop-25/trial_T20190908_233907_188674,"(:goal
	(exists (?o1 - object)
(and 
		(sliceable ?o1)
		(isSliced ?o1)))
)",False,"GotoLocation, GotoLocation, PickupObjectInReceptacle, SliceObject",
train/pick_heat_then_place_in_recep-Egg-None-Fridge-17/trial_T20190909_130835_721326,"(:goal
	(exists (?r - receptacle)
(exists (?o - object)
(and 
		(objectType ?o EggType)
		(receptacleType ?r FridgeType)
		(inReceptacle ?o ?r)
		(heatable ?o)
		(isHot ?o))))
)",False,"GotoLocation, GotoLocation, PickupObjectInReceptacle, GotoLocation, HeatObject",
train/pick_cool_then_place_in_recep-Cup-None-Cabinet-26/trial_T20190909_085908_816209,"(:goal
	(exists (?o - object)
(and 
		(objectType ?o CupType)
		(cleanable ?o)
		(coolable ?o)
		(isCool ?o)))
)",False,"GotoLocation, GotoLocation, PickupObjectInReceptacle, GotoLocation, CoolObject",
train/pick_cool_then_place_in_recep-LettuceSliced-None-SinkBasin-13/trial_T20190908_101527_364763,"(:goal
	(exists (?r - receptacle)
(exists (?o - object)
(and 
		(objectType ?o LettuceType)
		(receptacleType ?r SinkBasinType)
		(inReceptacle ?o ?r)
		(sliceable ?o)
		(isSliced ?o))))
)",False,"GotoLocation, PickupObjectInReceptacle, GotoLocation, PutObjectInReceptacle, PickupObjectInReceptacle, SliceObject",
train/pick_cool_then_place_in_recep-Egg-None-Microwave-18/trial_T20190909_113607_998821,"(:goal
	(exists (?r - receptacle)
(exists (?o - object)
(and 
		(objectType ?o EggType)
		(receptacleType ?r MicrowaveType)
		(inReceptacle ?o ?r)
		(coolable ?o)
		(isCool ?o))))
)",False,"GotoLocation, GotoLocation, GotoLocation, PickupObjectInReceptacle, GotoLocation, CoolObject, PutObjectInReceptacle",
train/pick_heat_then_place_in_recep-Mug-None-CoffeeMachine-14/trial_T20190907_012116_449794,"(:goal
	(exists (?r - receptacle)
(exists (?o - object)
(and 
		(objectType ?o MugType)
		(receptacleType ?r CoffeeMachineType)
		(inReceptacle ?o ?r)
		(heatable ?o)
		(isHot ?o))))
)",False,"GotoLocation, GotoLocation, PickupObjectInReceptacle, HeatObject",
train/pick_cool_then_place_in_recep-PotatoSliced-None-CounterTop-22/trial_T20190909_040642_077525,"(:goal
	(exists (?r - receptacle)
(exists (?o - object)
(and 
		(objectType ?o PotatoType)
		(receptacleType ?r FridgeType)
		(inReceptacle ?o ?r)
		(coolable ?o)
		(isCool ?o))))
)",False,"GotoLocation, GotoLocation, PickupObjectInReceptacle, GotoLocation, CoolObject, PutObjectInReceptacle",
train/pick_heat_then_place_in_recep-PotatoSliced-None-CounterTop-8/trial_T20190910_080205_480727,"(:goal
	(exists (?o - object)
(and 
		(objectType ?o PotatoType)
		(isSliced ?o)))
)",False,"GotoLocation, PickupObjectNotInReceptacle, GotoLocation, SliceObject",
train/pick_and_place_simple-TomatoSliced-None-SideTable-3/trial_T20190908_091658_623792,"(:goal
	(exists (?r - receptacle)
(exists (?o - object)
(and 
		(objectType ?o TomatoType)
		(receptacleType ?r SideTableType)
		(inReceptacle ?o ?r)
		(coolable ?o)
		(isCool ?o)
		(sliceable ?o)
		(isSliced ?o))))
)",False,"GotoLocation, GotoLocation, PickupObjectInReceptacle, GotoLocation, PutObjectInReceptacle, GotoLocation, PickupObjectInReceptacle, GotoLocation, SliceObject",
train/pick_cool_then_place_in_recep-BreadSliced-None-SideTable-21/trial_T20190907_101038_416790,"(:goal
	(exists (?r - receptacle)
(exists (?o - object)
(and 
		(objectType ?o BreadType)
		(receptacleType ?r SideTableType)
		(inReceptacle ?o ?r)
		(coolable ?o)
		(isCool ?o))))
)",False,"GotoLocation, GotoLocation, GotoLocation, PickupObjectInReceptacle, GotoLocation, CoolObject, PutObjectInReceptacle",
train/pick_cool_then_place_in_recep-AppleSliced-None-GarbageCan-25/trial_T20190908_193803_869487,"(:goal
	(exists (?r - receptacle)
(exists (?o - object)
(and 
		(objectType ?o AppleType)
		(receptacleType ?r MicroWaveType)
		(inReceptacle ?o ?r)
		(cleanable ?o)
		(isClean ?o))))
)",False,"GotoLocation, GotoLocation, PickupObjectInReceptacle, GotoLocation, CleanObject",
train/pick_heat_then_place_in_recep-Egg-None-SideTable-28/trial_T20190908_115607_419115,"(:goal
	(exists (?r - receptacle)
(exists (?o - object)
(and 
		(objectType ?o EggType)
		(receptacleType ?r SideTableType)
		(inReceptacle ?o ?r)
		(heatable ?o)
		(isHot ?o))))
)",False,"GotoLocation, GotoLocation, GotoLocation, PickupObjectInReceptacle, GotoLocation, HeatObject, PutObjectInReceptacle",
train/pick_heat_then_place_in_recep-Apple-None-GarbageCan-12/trial_T20190908_172429_549227,"(:goal
	(exists (?r - receptacle)
(exists (?o - object)
(and 
		(objectType ?o AppleType)
		(receptacleType ?r GarbageCanType)
		(inReceptacle ?o ?r)
		(cleanable ?o)
		(isClean ?o))))
)",False,"GotoLocation, GotoLocation, PickupObjectInReceptacle, GotoLocation, GotoLocation, CleanObject, GotoLocation, PutObjectInReceptacle",
train/pick_heat_then_place_in_recep-Tomato-None-SideTable-3/trial_T20190907_140946_092791,"(:goal
	(exists (?r - receptacle)
(exists (?o - object)
(and 
		(objectType ?o TomatoType)
		(receptacleType ?r SideTableType)
		(inReceptacle ?o ?r)
		(cleanable ?o)
		(isClean ?o))))
)",False,"GotoLocation, GotoLocation, PickupObjectInReceptacle, GotoLocation, GotoLocation, CleanObject, GotoLocation, PutObjectInReceptacle",
train/pick_heat_then_place_in_recep-BreadSliced-None-SideTable-28/trial_T20190907_180304_503402,"(:goal
	(exists (?r - receptacle)
(exists (?o - object)
(and 
		(objectType ?o BreadType)
		(receptacleType ?r SideTableType)
		(inReceptacle ?o ?r)
		(sliceable ?o)
		(isSliced ?o))))
)",False,"GotoLocation, PickupObjectInReceptacle, GotoLocation, PutObjectInReceptacle, GotoLocation, PickupObjectInReceptacle, GotoLocation, SliceObject",
train/pick_heat_then_place_in_recep-TomatoSliced-None-GarbageCan-23/trial_T20190909_034745_393039,"(:goal
	(exists (?r - receptacle)
(exists (?o - object)
(and 
		(objectType ?o TomatoType)
		(receptacleType ?r GarbageCanType)
		(inReceptacle ?o ?r)
		(sliceable ?o)
		(isSliced ?o)
		(heatable ?o)
		(isHot ?o))))
)",False,"GotoLocation, GotoLocation, PickupObjectInReceptacle, GotoLocation, HeatObject, PutObjectInReceptacle, GotoLocation, PickupObjectInReceptacle, GotoLocation, SliceObject",
