problem,nl_goal,gt_pddl_goal,codex_raw_goals,codex_preprocessed_goal
train/pick_and_place_simple-AppleSliced-None-Fridge-30/trial_T20190907_105723_672392,place an apple slice inside of the fridge.,"(:goal
        (exists (?r - receptacle)
        (exists (?o - object)
            (and 
                (objectType ?o AppleType) 
                (receptacleType ?r FridgeType)
                (inReceptacle ?o ?r) 
                (sliceable ?o)
                (isSliced ?o) 
            )
    )))",['\n\n;; PDDL Goal: \n(:goal\n        (exists (?r - receptacle)\n        (exists (?o - object)\n            (and \n                (objectType ?o AppleType) \n                (receptacleType ?r SideTableType)\n                (inReceptacle ?o ?r)\n                (isClean ?o)\n                (cleanable ?o)\n                (isSliced ?o)\n                (sliceable ?o)\n            )\n    )))\n'],"(:goal
	(exists (?r - receptacle)
(exists (?o - object)
(and 
		(objectType ?o AppleType)
		(receptacleType ?r SideTableType)
		(inReceptacle ?o ?r)
		(isClean ?o)
		(cleanable ?o)
		(isSliced ?o)
		(sliceable ?o))))
)"
train/pick_and_place_simple-TomatoSliced-None-CounterTop-25/trial_T20190908_233907_188674,slice off the top of a tomato while holding a butter knife.,"(:goal
        (exists (?r - receptacle)
        (exists (?o - object)
            (and 
                (objectType ?o TomatoType) 
                (receptacleType ?r CounterTopType)
                (inReceptacle ?o ?r) 
                (sliceable ?o)
                (isSliced ?o) 
            )
    )))",['\n\n;; PDDL Goal: \n(:goal\n        (exists (?r - receptacle)\n        (exists (?o - object)\n            (and \n                (objectType ?o TomatoType) \n                (receptacleType ?r SideTableType)\n                (holds Tom ?o)\n                (sliceable ?o)\n                (isSliced ?o) \n            )\n    )))\n'],"(:goal
	(exists (?r - receptacle)
(exists (?o - object)
(and 
		(objectType ?o TomatoType)
		(receptacleType ?r SideTableType)
		(holds Tom ?o)
		(sliceable ?o)
		(isSliced ?o))))
)"
train/pick_heat_then_place_in_recep-Egg-None-Fridge-17/trial_T20190909_130835_721326,heat an egg and put it back in the fridge.,"(:goal
        (exists (?r - receptacle)
        (exists (?o - object)
            (and 
                (objectType ?o EggType) 
                (receptacleType ?r FridgeType)
                (inReceptacle ?o ?r)
                (heatable ?o)
                (isHot ?o) 
            )
    )))",['\n\n;; PDDL Goal: \n(:goal\n        (and ;\n        (inReceptacle ?o FridgeType) ;\n        (heatable ?o) ;\n        (isHot ?o) ;\n    ) ;\n        ;\n    ) ;\n        ;\n    )\n'],"(:goal
	(exists (?o - object)
(and 
		(inReceptacle ?o FridgeType)
		(heatable ?o)
		(isHot ?o)))
)"
train/pick_heat_then_place_in_recep-TomatoSliced-None-DiningTable-11/trial_T20190918_205827_915892,place a warm tomato slice on the white table.,"(:goal
        (exists (?r - receptacle)
        (exists (?o - object)
            (and 
                (objectType ?o TomatoType) 
                (receptacleType ?r DiningTableType)
                (inReceptacle ?o ?r)
                (heatable ?o)
                (isHot ?o)
                (sliceable ?o)
                (isSliced ?o)  
            )
    )))",['\n\n;; PDDL Goal: \n(:goal\n        (exists (?r - receptacle)\n        (exists (?o - object)\n            (and \n                (objectType ?o TomatoType) \n                (receptacleType ?r SideTableType)\n                (inReceptacle ?o ?r)\n                (heatable ?o)\n                (isHot ?o) \n            ) \n    )))\n'],"(:goal
	(exists (?r - receptacle)
(exists (?o - object)
(and 
		(objectType ?o TomatoType)
		(receptacleType ?r SideTableType)
		(inReceptacle ?o ?r)
		(heatable ?o)
		(isHot ?o))))
)"
train/pick_heat_then_place_in_recep-AppleSliced-None-Fridge-24/trial_T20190909_073807_553746,cook a piece of an apple and cool it.,"(:goal
        (exists (?r - receptacle)
        (exists (?o - object)
            (and 
                (objectType ?o AppleType) 
                (receptacleType ?r FridgeType)
                (inReceptacle ?o ?r)
                (heatable ?o)
                (isHot ?o)
                (sliceable ?o)
                (isSliced ?o)  
            )
    )))",['\n\n;; PDDL Goal: \n(:goal\n        (exists (?o - object)\n        (exists (?r - receptacle)\n            (exists (?o2 - object)\n                (and\n                    (objectType ?o AppleType)\n                    (inReceptacle ?o2 ?r)\n                    (inReceptacleObject ?o ?o2)\n                    (objectType ?o2 KnifeType)\n                    (heatable ?o)\n                    (isHot ?o)\n                    (toggleable ?o2)\n                    (isToggled ?o2)\n                )\n        ))))\n'],"(:goal
	(exists (?r - receptacle)
(exists (?o2 - object)
(exists (?o - object)
(and 
		(objectType ?o AppleType)
		(inReceptacle ?o2 ?r)
		(inReceptacleObject ?o ?o2)
		(objectType ?o2 KnifeType)
		(heatable ?o)
		(isHot ?o)
		(toggleable ?o2)
		(isToggled ?o2)))))
)"
train/pick_and_place_simple-LettuceSliced-None-DiningTable-24/trial_T20190906_220204_504890,use the knife on the table by the stove to slice the cabbage on the white table.,"(:goal
        (exists (?r - receptacle)
        (exists (?o - object)
            (and 
                (objectType ?o LettuceType) 
                (receptacleType ?r DiningTableType)
                (inReceptacle ?o ?r) 
                (sliceable ?o)
                (isSliced ?o) 
            )
    )))",[' \n\n;; PDDL Goal: \n(:goal\n        (exists (?o - object)\n        (exists (?r - receptacle)\n            (and \n                (objectType ?o KnifeType)\n                (sliceable ?o)\n                (receptacleType ?r DiningTableType)\n                (inReceptacle ?o ?r)\n            ))))\n'],"(:goal
	(exists (?r - receptacle)
(exists (?o - object)
(and 
		(objectType ?o KnifeType)
		(sliceable ?o)
		(receptacleType ?r DiningTableType)
		(inReceptacle ?o ?r))))
)"
train/pick_cool_then_place_in_recep-WineBottle-None-Cabinet-16/trial_T20190907_084028_991219,put the cold bottle in the cabinet.,"(:goal
        (exists (?r - receptacle)
        (exists (?o - object)
            (and 
                (objectType ?o WineBottleType) 
                (receptacleType ?r CabinetType)
                (inReceptacle ?o ?r)
                (coolable ?o)
                (isCool ?o) 
            )
    )))",['\n\n;; PDDL Goal: \n(:goal\n        (exists (?r - receptacle)\n        (exists (?o - object)\n            (and \n                (objectType ?o GlassbottleType) \n                (receptacleType ?r CabinetType)\n                (inReceptacle ?o ?r)\n                (cleanable ?o)\n                (isClean ?o) \n            )\n    )))\n'],"(:goal
	(exists (?r - receptacle)
(exists (?o - object)
(and 
		(objectType ?o GlassbottleType)
		(receptacleType ?r CabinetType)
		(inReceptacle ?o ?r)
		(cleanable ?o)
		(isClean ?o))))
)"
train/pick_heat_then_place_in_recep-AppleSliced-None-SideTable-3/trial_T20190918_165030_719864,"pick up knife , slice apple , move knife to another table , heat apple slice in microwave and put it on a table.","(:goal
        (exists (?r - receptacle)
        (exists (?o - object)
            (and 
                (objectType ?o AppleType) 
                (receptacleType ?r SideTableType)
                (inReceptacle ?o ?r)
                (heatable ?o)
                (isHot ?o)
                (sliceable ?o)
                (isSliced ?o)  
            )
    )))",['\n\n;; PDDL Goal: \n(:goal\n        (exists (?r - receptacle)\n        (exists (?o - object)\n            (and \n                (objectType ?o AppleType) \n                (receptacleType ?r SideTableType)\n                (inReceptacle ?o ?r)\n                (cleanable ?o)\n                (isClean ?o) \n            )\n    )))\n'],"(:goal
	(exists (?r - receptacle)
(exists (?o - object)
(and 
		(objectType ?o AppleType)
		(receptacleType ?r SideTableType)
		(inReceptacle ?o ?r)
		(cleanable ?o)
		(isClean ?o))))
)"
train/pick_cool_then_place_in_recep-Apple-None-SideTable-21/trial_T20190907_180858_138819,put a chilled apple on a table.,"(:goal
        (exists (?r - receptacle)
        (exists (?o - object)
            (and 
                (objectType ?o AppleType) 
                (receptacleType ?r SideTableType)
                (inReceptacle ?o ?r)
                (coolable ?o)
                (isCool ?o) 
            )
    )))",['\n\n;; PDDL Goal: \n(:goal\n        (exists (?r - receptacle)\n        (exists (?o - object)\n            (and \n                (objectType ?o AppleType) \n                (receptacleType ?r SideTableType)\n                (inReceptacle ?o ?r)\n                (coolable ?o)\n                (isCool ?o) \n            )\n    )))\n'],"(:goal
	(exists (?r - receptacle)
(exists (?o - object)
(and 
		(objectType ?o AppleType)
		(receptacleType ?r SideTableType)
		(inReceptacle ?o ?r)
		(coolable ?o)
		(isCool ?o))))
)"
train/pick_cool_then_place_in_recep-LettuceSliced-None-CounterTop-24/trial_T20190909_153425_218344,put a slice of cold lettuce on a ledge in front of a sink.,"(:goal
        (exists (?r - receptacle)
        (exists (?o - object)
            (and 
                (objectType ?o LettuceType) 
                (receptacleType ?r CounterTopType)
                (inReceptacle ?o ?r)
                (coolable ?o)
                (isCool ?o) 
                (sliceable ?o)
                (isSliced ?o)  
            )
    )))",['\n\n;; PDDL Goal: \n(:goal\n        (exists (?r - receptacle)\n        (exists (?o - object)\n            (and \n                (objectType ?o LettuceType) \n                (receptacleType ?r SideTableType)\n                (inReceptacle ?o ?r)\n                (sliceable ?o)\n                (isSliced ?o) \n                (coolable ?o)\n                (isCool ?o) \n            )\n    )))\n\n<END>'],"(:goal
	(exists (?r - receptacle)
(exists (?o - object)
(and 
		(objectType ?o LettuceType)
		(receptacleType ?r SideTableType)
		(inReceptacle ?o ?r)
		(sliceable ?o)
		(isSliced ?o)
		(coolable ?o)
		(isCool ?o))))
)"
train/pick_heat_then_place_in_recep-Potato-None-GarbageCan-14/trial_T20190909_114102_376957,place a heated potato in a bin.,"(:goal
        (exists (?r - receptacle)
        (exists (?o - object)
            (and 
                (objectType ?o PotatoType) 
                (receptacleType ?r GarbageCanType)
                (inReceptacle ?o ?r)
                (heatable ?o)
                (isHot ?o) 
            )
    )))",['\n\n;; PDDL Goal: \n(:goal\n        (exists (?r - receptacle)\n        (exists (?o - object)\n            (and \n                (objectType ?o PotatoType) \n                (receptacleType ?r CabinetType)\n                (inReceptacle ?o ?r)\n                (heatable ?o)\n                (isHot ?o) \n            )\n    )))\n'],"(:goal
	(exists (?r - receptacle)
(exists (?o - object)
(and 
		(objectType ?o PotatoType)
		(receptacleType ?r CabinetType)
		(inReceptacle ?o ?r)
		(heatable ?o)
		(isHot ?o))))
)"
train/pick_heat_then_place_in_recep-PotatoSliced-None-DiningTable-7/trial_T20190908_032410_853210,place a cooked slice of potato on the table.,"(:goal
        (exists (?r - receptacle)
        (exists (?o - object)
            (and 
                (objectType ?o PotatoType) 
                (receptacleType ?r DiningTableType)
                (inReceptacle ?o ?r)
                (heatable ?o)
                (isHot ?o)
                (sliceable ?o)
                (isSliced ?o)  
            )
    )))",['\n\n;; PDDL Goal: \n(:goal\n        (exists (?r - receptacle)\n        (exists (?o - object)\n            (and \n                (objectType ?o PotatoType) \n                (receptacleType ?r DiningTableType)\n                (inReceptacle ?o ?r)\n                (sliceable ?o)\n                (isSliced ?o)\n                (heatable ?o)\n                (isHot ?o)\n            )\n    )))\n'],"(:goal
	(exists (?r - receptacle)
(exists (?o - object)
(and 
		(objectType ?o PotatoType)
		(receptacleType ?r DiningTableType)
		(inReceptacle ?o ?r)
		(sliceable ?o)
		(isSliced ?o)
		(heatable ?o)
		(isHot ?o))))
)"
train/pick_cool_then_place_in_recep-Cup-None-Shelf-1/trial_T20190907_181520_113143,put a chilled glass on the second to the lowest shelf in the corner of the kitchen.,"(:goal
        (exists (?r - receptacle)
        (exists (?o - object)
            (and 
                (objectType ?o CupType) 
                (receptacleType ?r ShelfType)
                (inReceptacle ?o ?r)
                (coolable ?o)
                (isCool ?o) 
            )
    )))",['\n\n;; PDDL Goal: \n(:goal\n        (exists (?r - receptacle)\n        (exists (?o - object)\n            (and \n                (objectType ?o GlassbottleType) \n                (receptacleType ?r ShelfType)\n                (inReceptacle ?o ?r)\n                (coolable ?o)\n                (isCool ?o) \n            )\n    )))\n'],"(:goal
	(exists (?r - receptacle)
(exists (?o - object)
(and 
		(objectType ?o GlassbottleType)
		(receptacleType ?r ShelfType)
		(inReceptacle ?o ?r)
		(coolable ?o)
		(isCool ?o))))
)"
train/pick_cool_then_place_in_recep-PotatoSliced-None-DiningTable-24/trial_T20190908_194409_961394,put the chilled slice potato on the table.,"(:goal
        (exists (?r - receptacle)
        (exists (?o - object)
            (and 
                (objectType ?o PotatoType) 
                (receptacleType ?r DiningTableType)
                (inReceptacle ?o ?r)
                (coolable ?o)
                (isCool ?o) 
                (sliceable ?o)
                (isSliced ?o)  
            )
    )))",['\n\n;; PDDL Goal: \n(:goal\n        (exists (?r - receptacle)\n        (exists (?o - object)\n            (and \n                (objectType ?o PotatoType) \n                (receptacleType ?r SideTableType)\n                (inReceptacle ?o ?r)\n                \n                (sliceable ?o)\n                (isSliced ?o) \n                \n                (heatable ?o)\n                (isCool ?o) \n                \n                (cleanable ?o)\n                (isClean ?o) \n            )\n    )))\n'],"(:goal
	(exists (?r - receptacle)
(exists (?o - object)
(and 
		(objectType ?o PotatoType)
		(receptacleType ?r SideTableType)
		(inReceptacle ?o ?r)
		(sliceable ?o)
		(isSliced ?o)
		(heatable ?o)
		(isCool ?o)
		(cleanable ?o)
		(isClean ?o))))
)"
train/pick_heat_then_place_in_recep-Mug-None-SideTable-3/trial_T20190908_231853_151753,place a hot cup of coffee near the microwave.,"(:goal
        (exists (?r - receptacle)
        (exists (?o - object)
            (and 
                (objectType ?o MugType) 
                (receptacleType ?r SideTableType)
                (inReceptacle ?o ?r)
                (heatable ?o)
                (isHot ?o) 
            )
    )))",['\n\n;; PDDL Goal: \n(:goal\n        (exists (?r - receptacle)\n        (exists (?o - object)\n            (and \n                (objectType ?o KettleType) \n                (receptacleType ?r SideTypeSide)\n                (inReceptacle ?o ?r)\n                (heatable ?o)\n                (isHot ?o) \n            )\n    )))\n'],"(:goal
	(exists (?r - receptacle)
(exists (?o - object)
(and 
		(objectType ?o KettleType)
		(receptacleType ?r SideTypeSide)
		(inReceptacle ?o ?r)
		(heatable ?o)
		(isHot ?o))))
)"
train/pick_heat_then_place_in_recep-PotatoSliced-None-DiningTable-27/trial_T20190908_101505_620069,to heat a slice of potato and place it on the white table by the lettuce.,"(:goal
        (exists (?r - receptacle)
        (exists (?o - object)
            (and 
                (objectType ?o PotatoType) 
                (receptacleType ?r DiningTableType)
                (inReceptacle ?o ?r)
                (heatable ?o)
                (isHot ?o)
                (sliceable ?o)
                (isSliced ?o)  
            )
    )))",['\n\n;; PDDL Goal: \n(:goal\n        (exists (?r - receptacle)\n        (exists (?o - object)\n            (and \n                (objectType ?o PotatoType) \n                (receptacleType ?r SideTableType)\n                (inReceptacle ?o ?r)\n                (heatable ?o)\n                (isHot ?o) \n            )\n    )))\n'],"(:goal
	(exists (?r - receptacle)
(exists (?o - object)
(and 
		(objectType ?o PotatoType)
		(receptacleType ?r SideTableType)
		(inReceptacle ?o ?r)
		(heatable ?o)
		(isHot ?o))))
)"
train/pick_cool_then_place_in_recep-Cup-None-Cabinet-26/trial_T20190909_085908_816209,put a chilled cup away in the cabinet above the microwave.,"(:goal
        (exists (?r - receptacle)
        (exists (?o - object)
            (and 
                (objectType ?o CupType) 
                (receptacleType ?r CabinetType)
                (inReceptacle ?o ?r)
                (coolable ?o)
                (isCool ?o) 
            )
    )))",['\n\n;; PDDL Goal: \n(:goal\n        (exists (?r - receptacle)\n        (exists (?o - object)\n            (and \n                (objectType ?o CupType) \n                (receptacleType ?r ShelfType)\n                (inReceptacle ?o ?r)\n                (isCool ?o) \n                (cleanable ?o)\n                (isClean ?o) \n            )\n    )))\n\n<END>'],"(:goal
	(exists (?r - receptacle)
(exists (?o - object)
(and 
		(objectType ?o CupType)
		(receptacleType ?r ShelfType)
		(inReceptacle ?o ?r)
		(isCool ?o)
		(cleanable ?o)
		(isClean ?o))))
)"
train/pick_cool_then_place_in_recep-LettuceSliced-None-SinkBasin-13/trial_T20190908_101527_364763,place sliced lettuce in to the sink.,"(:goal
        (exists (?r - receptacle)
        (exists (?o - object)
            (and 
                (objectType ?o LettuceType) 
                (receptacleType ?r SinkBasinType)
                (inReceptacle ?o ?r)
                (coolable ?o)
                (isCool ?o) 
                (sliceable ?o)
                (isSliced ?o)  
            )
    )))",['\n\n;; PDDL Goal: \n(:goal\n        (exists (?r - receptacle)\n        (exists (?o - object)\n            (and \n                (objectType ?o LettuceType) \n                (receptacleType ?r SinkBasinType)\n                (inReceptacle ?o ?r)\n                (cleanable ?o)\n                (isClean ?o) \n            )\n    )))\n\n—î(:goal\n        (exists (?r - receptacle)\n        (exists (?o - object)\n            (and \n                (objectType ?o LettuceType) \n                (receptacleType ?r SinkType)\n                (inReceptacle ?o ?r)\n                (cleanable ?o)\n                (sliceable ?o) \n                (isSliced ?o) \n            )\n    )))\n\n'],"(:goal
	(exists (?r - receptacle)
(exists (?o - object)
(and 
		(objectType ?o LettuceType)
		(receptacleType ?r SinkBasinType)
		(inReceptacle ?o ?r)
		(cleanable ?o)
		(isClean ?o))))
)"
train/pick_cool_then_place_in_recep-Egg-None-Microwave-18/trial_T20190909_113607_998821,put chilled egg inside microwave.,"(:goal
        (exists (?r - receptacle)
        (exists (?o - object)
            (and 
                (objectType ?o EggType) 
                (receptacleType ?r MicrowaveType)
                (inReceptacle ?o ?r)
                (coolable ?o)
                (isCool ?o) 
            )
    )))",['\n\n;; PDDL Goal: \n(:goal\n        (exists (?r - receptacle)\n        (exists (?o - object)\n            (and \n                (objectType ?o EggType) \n                (receptacleType ?r MicrowaveType)\n                (inReceptacle ?o ?r)\n                (heatable ?o)\n                (isCool ?o) \n            )\n    )))\n'],"(:goal
	(exists (?r - receptacle)
(exists (?o - object)
(and 
		(objectType ?o EggType)
		(receptacleType ?r MicrowaveType)
		(inReceptacle ?o ?r)
		(heatable ?o)
		(isCool ?o))))
)"
train/pick_heat_then_place_in_recep-BreadSliced-None-GarbageCan-17/trial_T20190906_210118_740854,put a microwaved slice of bread in the oven.,"(:goal
        (exists (?r - receptacle)
        (exists (?o - object)
            (and 
                (objectType ?o BreadType) 
                (receptacleType ?r GarbageCanType)
                (inReceptacle ?o ?r)
                (heatable ?o)
                (isHot ?o)
                (sliceable ?o)
                (isSliced ?o)  
            )
    )))",['\n\n;; PDDL Goal: \n(:goal\n        (exists (?r - receptacle)\n        (exists (?o - object)\n            (and \n                (objectType ?o BreadType) \n                (receptacleType ?r SideTableType)\n                (inReceptacle ?o ?r)\n                (heatable ?o)\n                (isHot ?o) \n                (sliceable ?o) \n                (isSliced ?o) \n            )\n    )))\n'],"(:goal
	(exists (?r - receptacle)
(exists (?o - object)
(and 
		(objectType ?o BreadType)
		(receptacleType ?r SideTableType)
		(inReceptacle ?o ?r)
		(heatable ?o)
		(isHot ?o)
		(sliceable ?o)
		(isSliced ?o))))
)"
train/look_at_obj_in_light-Box-None-FloorLamp-205/trial_T20190906_211925_059562,examine a cardboard box better by turning off the light from a floor lamp.,"(:goal
        (exists (?a - agent)
        (exists (?r - receptacle)
        (exists (?o - object)
        (exists (?ot - object)
        (exists (?l - location)
            (and 
                (objectType ?ot FloorLampType)
                (toggleable ?ot)
                (isToggled ?ot) 
                (objectAtLocation ?ot ?l)
                (atLocation ?a ?l)
                (objectType ?o BoxType)
                (holds ?a ?o)
            )
    ))))))",['\n\n;; PDDL Goal: \n(:goal\n        (exists (?a - agent)\n        (exists (?o - object)\n            (and \n                (objectType ?o LaptopType) \n                (inReceptacleObject ?o CardboardBox)\n                (objectType ?o CardboardBox) \n            )\n    ))\n        )\n'],"(:goal
	(exists (?o - object)
(and 
		(objectType ?o LaptopType)
		(inReceptacleObject ?o CardboardBox)
		(objectType ?o CardboardBox)))
)"
train/look_at_obj_in_light-Vase-None-FloorLamp-221/trial_T20190906_224945_676475,view a vase by the light of a lamp.,"(:goal
        (exists (?a - agent)
        (exists (?r - receptacle)
        (exists (?o - object)
        (exists (?ot - object)
        (exists (?l - location)
            (and 
                (objectType ?ot FloorLampType)
                (toggleable ?ot)
                (isToggled ?ot) 
                (objectAtLocation ?ot ?l)
                (atLocation ?a ?l)
                (objectType ?o VaseType)
                (holds ?a ?o)
            )
    ))))))",['\n\n;; PDDL Goal: \n(:goal\n        (exists (?r - receptacle)\n                (exists (?o - object)\n                    (and \n                        (objectType ?o VaseType) \n                        (inReceptacle ?o ?r)\n                        (toggleable ?o)\n                        (isToggled ?o)\n                        (isOn ?o) \n                    )\n                )\n            )\n        (exists (?r - receptacle)\n                (exists (?o - object)\n                    (and \n                        (objectType ?o LightSwitchType) \n                        (inReceptacle ?o ?r)\n                        (toggleable ?o)\n                        (isToggled ?o)\n                        (isOn ?o) \n                    )\n                )\n            )\n        )\n'],"(:goal
	(exists (?r - receptacle)
(exists (?o - object)
(and 
		(objectType ?o VaseType)
		(inReceptacle ?o ?r)
		(toggleable ?o)
		(isToggled ?o)
		(isOn ?o))))
)"
train/pick_and_place_simple-TomatoSliced-None-Fridge-6/trial_T20190907_233305_019895,get the knife from the counter then open and close the fridge door.,"(:goal
        (exists (?r - receptacle)
        (exists (?o - object)
            (and 
                (objectType ?o TomatoType) 
                (receptacleType ?r FridgeType)
                (inReceptacle ?o ?r) 
                (sliceable ?o)
                (isSliced ?o) 
            )
    )))",['\n\n;; PDDL Goal: \n(:goal\n        (and\n            (holds agent1 Knife) \n            (inReceptacle Knife Fridge) \n        )\n    )\n'],"(:goal
	(and 
		(holds agent1 Knife)
		(inReceptacle Knife Fridge))
)"
train/pick_cool_then_place_in_recep-Plate-None-Cabinet-22/trial_T20190907_200807_715947,put a plate on bottom shelf in a cabinet.,"(:goal
        (exists (?r - receptacle)
        (exists (?o - object)
            (and 
                (objectType ?o PlateType) 
                (receptacleType ?r CabinetType)
                (inReceptacle ?o ?r)
                (coolable ?o)
                (isCool ?o) 
            )
    )))",['\n\n;; PDDL Goal: \n(:goal\n        (exists (?r - receptacle)\n        (exists (?o - object)\n            (and \n                (objectType ?o PlateType) \n                (receptacleType ?r ShelfType)\n                (inReceptacle ?o ?r)\n            )\n    )))\n'],"(:goal
	(exists (?r - receptacle)
(exists (?o - object)
(and 
		(objectType ?o PlateType)
		(receptacleType ?r ShelfType)
		(inReceptacle ?o ?r))))
)"
train/pick_heat_then_place_in_recep-Egg-None-DiningTable-11/trial_T20190907_125404_996063,place a cooked egg on a table.,"(:goal
        (exists (?r - receptacle)
        (exists (?o - object)
            (and 
                (objectType ?o EggType) 
                (receptacleType ?r DiningTableType)
                (inReceptacle ?o ?r)
                (heatable ?o)
                (isHot ?o) 
            )
    )))",['\n\n;; PDDL Goal: \n(:goal\n        (exists (?r - receptacle)\n        (exists (?o - object)\n            (and \n                (objectType ?o EggType) \n                (receptacleType ?r SideTableType)\n                (inReceptacle ?o ?r)\n                (heatable ?o)\n                (isHot ?o) \n            )\n    )))\n'],"(:goal
	(exists (?r - receptacle)
(exists (?o - object)
(and 
		(objectType ?o EggType)
		(receptacleType ?r SideTableType)
		(inReceptacle ?o ?r)
		(heatable ?o)
		(isHot ?o))))
)"
train/look_at_obj_in_light-AlarmClock-None-DeskLamp-304/trial_T20190907_170557_255365,examine a clock by the light of a desk lamp.,"(:goal
        (exists (?a - agent)
        (exists (?r - receptacle)
        (exists (?o - object)
        (exists (?ot - object)
        (exists (?l - location)
            (and 
                (objectType ?ot DeskLampType)
                (toggleable ?ot)
                (isToggled ?ot) 
                (objectAtLocation ?ot ?l)
                (atLocation ?a ?l)
                (objectType ?o AlarmClockType)
                (holds ?a ?o)
            )
    ))))))",['\n\n;; PDDL Goal: \n(:goal\n        (exists (?o - object)\n            (and \n                (objectType ?o AlarmClockType) \n                (isToggled ?o))\n    )\n    )\n'],"(:goal
	(exists (?o - object)
(and 
		(objectType ?o AlarmClockType)
		(isToggled ?o)))
)"
train/pick_and_place_simple-TomatoSliced-None-CounterTop-25/trial_T20190908_233941_496641,use a large metal knife to slice up a tomato on the counter.,"(:goal
        (exists (?r - receptacle)
        (exists (?o - object)
            (and 
                (objectType ?o TomatoType) 
                (receptacleType ?r CounterTopType)
                (inReceptacle ?o ?r) 
                (sliceable ?o)
                (isSliced ?o) 
            )
    )))",['\n\n;; PDDL Goal: \n(:goal\n        (exists (?r - receptacle)\n        (exists (?o - object)\n            (and \n                (receptacleType ?r SideTableType)\n                (objectType ?o KnifeType) \n                (inReceptacle ?o ?r)\n                (cleanable ?o)\n                (isClean ?o) \n            )\n    )))\n'],"(:goal
	(exists (?r - receptacle)
(exists (?o - object)
(and 
		(receptacleType ?r SideTableType)
		(objectType ?o KnifeType)
		(inReceptacle ?o ?r)
		(cleanable ?o)
		(isClean ?o))))
)"
train/look_at_obj_in_light-Pillow-None-FloorLamp-221/trial_T20190907_103032_102765,examine a purple pillow in the light of a tall lamp.,"(:goal
        (exists (?a - agent)
        (exists (?r - receptacle)
        (exists (?o - object)
        (exists (?ot - object)
        (exists (?l - location)
            (and 
                (objectType ?ot FloorLampType)
                (toggleable ?ot)
                (isToggled ?ot) 
                (objectAtLocation ?ot ?l)
                (atLocation ?a ?l)
                (objectType ?o PillowType)
                (holds ?a ?o)
            )
    ))))))",['\n\n;; PDDL Goal: \n(:goal\n        (exists (?r - receptacle)\n        (exists (?o - object)\n            (and \n                (objectType ?o PillowType) \n                (objectAtLocation DeskLamp LightSwitchType 0 top ?r) \n                (isOn ?r) \n                (receptacleType ?r DresserType)\n                (inReceptacle ?o ?r)\n        ))))\n'],"(:goal
	(exists (?r - receptacle)
(exists (?r - object)
(exists (?o - object)
(and 
		(objectType ?o PillowType)
		(isOn ?r)
		(receptacleType ?r DresserType)
		(inReceptacle ?o ?r)))))
)"
train/look_at_obj_in_light-RemoteControl-None-FloorLamp-202/trial_T20190909_014548_223224,examine a remote control by the light of a tall lamp.,"(:goal
        (exists (?a - agent)
        (exists (?r - receptacle)
        (exists (?o - object)
        (exists (?ot - object)
        (exists (?l - location)
            (and 
                (objectType ?ot FloorLampType)
                (toggleable ?ot)
                (isToggled ?ot) 
                (objectAtLocation ?ot ?l)
                (atLocation ?a ?l)
                (objectType ?o RemoteControlType)
                (holds ?a ?o)
            )
    ))))))",['\n\n\n;; PDDL Goal: \n(:goal\n        (exists (?r - receptacle)\n        (exists (?o - object)\n            (and \n                (objectType ?o RemoteControlType) \n                (receptacleType ?r SideTableType)\n                (inReceptacle ?o ?r)\n                (cleanable ?o)\n                (isClean ?o) \n            )\n    )))\n'],"(:goal
	(exists (?r - receptacle)
(exists (?o - object)
(and 
		(objectType ?o RemoteControlType)
		(receptacleType ?r SideTableType)
		(inReceptacle ?o ?r)
		(cleanable ?o)
		(isClean ?o))))
)"
train/pick_and_place_simple-LettuceSliced-None-DiningTable-24/trial_T20190906_220147_111155,use the knife to cut the lettuce on the table.,"(:goal
        (exists (?r - receptacle)
        (exists (?o - object)
            (and 
                (objectType ?o LettuceType) 
                (receptacleType ?r DiningTableType)
                (inReceptacle ?o ?r) 
                (sliceable ?o)
                (isSliced ?o) 
            )
    )))",['\n\n;; PDDL Goal: \n(:goal\n        (exists (?t - CoffeeMachine)\n        (exists (?o - object)\n        (exists (?l - location)\n        (exists (?ac - agent)\n            (and (objectType ?o ?t) \n                (atLocation ?ac ?l) \n                (objectAtLocation ?o ?l))))))\n'],"(:goal
	(exists (?t - otype)
(exists (?o - object)
(exists (?l - location)
(exists (?ac - agent)
(and 
		(objectType ?o ?t)
		(atLocation ?ac ?l)
		(objectAtLocation ?o ?l))))))
)"
train/pick_heat_then_place_in_recep-Apple-None-Fridge-22/trial_T20190908_210352_288346,put a microwaved apple in the fridge.,"(:goal
        (exists (?r - receptacle)
        (exists (?o - object)
            (and 
                (objectType ?o AppleType) 
                (receptacleType ?r FridgeType)
                (inReceptacle ?o ?r)
                (heatable ?o)
                (isHot ?o) 
            )
    )))",['\n\n;; PDDL Goal: \n(:goal\n        (exists (?r - receptacle)\n        (exists (?o - object)\n            (and \n                (objectType ?o ApplType) \n                (receptacleType ?r ApplType)\n                (inReceptacle ?o ?r)\n                (heatable ?o)\n                (isHot ?o) \n            )\n    )))\n'],"(:goal
	(exists (?r - receptacle)
(exists (?o - object)
(and 
		(objectType ?o ApplType)
		(receptacleType ?r ApplType)
		(inReceptacle ?o ?r)
		(heatable ?o)
		(isHot ?o))))
)"
train/pick_heat_then_place_in_recep-PotatoSliced-None-SinkBasin-19/trial_T20190913_161546_241277,"slice a potato to heat the slice , place potato in sink.","(:goal
        (exists (?r - receptacle)
        (exists (?o - object)
            (and 
                (objectType ?o PotatoType) 
                (receptacleType ?r SinkBasinType)
                (inReceptacle ?o ?r)
                (heatable ?o)
                (isHot ?o)
                (sliceable ?o)
                (isSliced ?o)  
            )
    )))",['\n\n;; PDDL Goal: \n(:goal\n        (exists (?r - receptacle)\n        (exists (?o - object)\n            (and \n                (objectType ?o PotatoType) \n                (receptacleType ?r SinkBasinType)\n                (inReceptacle ?o ?r)\n                (sliceable ?o)\n                (isSliced ?o) \n            )\n    )))\n'],"(:goal
	(exists (?r - receptacle)
(exists (?o - object)
(and 
		(objectType ?o PotatoType)
		(receptacleType ?r SinkBasinType)
		(inReceptacle ?o ?r)
		(sliceable ?o)
		(isSliced ?o))))
)"
train/look_at_obj_in_light-AlarmClock-None-DeskLamp-305/trial_T20190908_082723_323728,examine a clock under the lamp.,"(:goal
        (exists (?a - agent)
        (exists (?r - receptacle)
        (exists (?o - object)
        (exists (?ot - object)
        (exists (?l - location)
            (and 
                (objectType ?ot DeskLampType)
                (toggleable ?ot)
                (isToggled ?ot) 
                (objectAtLocation ?ot ?l)
                (atLocation ?a ?l)
                (objectType ?o AlarmClockType)
                (holds ?a ?o)
            )
    ))))))",['\n\n;; PDDL Goal: \n(:goal\n        (exists (?r - receptacle)\n        (exists (?o - object)\n            (and \n                (objectType ?o AlarmClockType) \n                (receptacleType ?r SideTableType)\n                (inReceptacle ?o ?r)\n                (cleanable ?o)\n                (isClean ?o) \n            )\n    )))\n'],"(:goal
	(exists (?r - receptacle)
(exists (?o - object)
(and 
		(objectType ?o AlarmClockType)
		(receptacleType ?r SideTableType)
		(inReceptacle ?o ?r)
		(cleanable ?o)
		(isClean ?o))))
)"
train/pick_cool_then_place_in_recep-Bowl-None-DiningTable-4/trial_T20190908_031115_333928,refrigerate a bowl and fork.,"(:goal
        (exists (?r - receptacle)
        (exists (?o - object)
            (and 
                (objectType ?o BowlType) 
                (receptacleType ?r DiningTableType)
                (inReceptacle ?o ?r)
                (coolable ?o)
                (isCool ?o) 
            )
    )))",['\n\n;; PDDL Goal: \n(:goal\n        (all (?r - receptacle ?o - object)\n            (or \n                (and \n                    (objectType ?o BowlType) \n                    (receptacleType ?r FridgeType)\n                    (isReceptacleObject ?o) \n                    (! holds ?o) \n                    (! holdsAnyReceptacleObject ?o) \n                    (inReceptacle ?o ?r)\n                )\n                (and \n                    (objectType ?o ForkType) \n                    (receptacleType ?r FridgeType)\n                    (isReceptacleObject ?o) \n                    (! holds ?o) \n                    (! holdsAnyReceptacleObject ?o) \n                    (inReceptacle ?o ?r)\n                )\n            )\n    ))\n'],"(:goal
	(exists (?r - receptacle)
(exists (?o - object)
(and 
		(objectType ?o BowlType)
		(receptacleType ?r FridgeType)
		(isReceptacleObject ?o)
		(inReceptacle ?o ?r))))
)"
train/look_at_obj_in_light-Book-None-DeskLamp-309/trial_T20190907_175916_775742,look at a book using a lamp.,"(:goal
        (exists (?a - agent)
        (exists (?r - receptacle)
        (exists (?o - object)
        (exists (?ot - object)
        (exists (?l - location)
            (and 
                (objectType ?ot DeskLampType)
                (toggleable ?ot)
                (isToggled ?ot) 
                (objectAtLocation ?ot ?l)
                (atLocation ?a ?l)
                (objectType ?o BookType)
                (holds ?a ?o)
            )
    ))))))",['\n\n;; PDDL Goal: \n(:goal\n        (exists (?r - receptacle)\n        (exists (?o - object)\n            (and \n                (objectType ?o BookType) \n                (receptacleType ?r SideTableType)\n                (inReceptacle ?o ?r)\n                (cleanable ?o)\n                (isClean ?o) \n            )\n    )))\n'],"(:goal
	(exists (?r - receptacle)
(exists (?o - object)
(and 
		(objectType ?o BookType)
		(receptacleType ?r SideTableType)
		(inReceptacle ?o ?r)
		(cleanable ?o)
		(isClean ?o))))
)"
train/pick_heat_then_place_in_recep-Mug-None-CoffeeMachine-14/trial_T20190907_012116_449794,place a microwaved mug in a coffee maker.,"(:goal
        (exists (?r - receptacle)
        (exists (?o - object)
            (and 
                (objectType ?o MugType) 
                (receptacleType ?r CoffeeMachineType)
                (inReceptacle ?o ?r)
                (heatable ?o)
                (isHot ?o) 
            )
    )))",['\n\n;; PDDL Goal: \n(:goal\n        (exists (?r - receptacle)\n        (exists (?o - object)\n            (and \n                (objectType ?o MugType) \n                (receptacleType ?r SideTableType)\n                (inReceptacle ?o ?r)\n                (heatable ?o)\n                (isHot ?o) \n            )\n    )))\n'],"(:goal
	(exists (?r - receptacle)
(exists (?o - object)
(and 
		(objectType ?o MugType)
		(receptacleType ?r SideTableType)
		(inReceptacle ?o ?r)
		(heatable ?o)
		(isHot ?o))))
)"
train/pick_heat_then_place_in_recep-PotatoSliced-None-SinkBasin-14/trial_T20190908_123539_426345,put cooked potato slice in the sink.,"(:goal
        (exists (?r - receptacle)
        (exists (?o - object)
            (and 
                (objectType ?o PotatoType) 
                (receptacleType ?r SinkBasinType)
                (inReceptacle ?o ?r)
                (heatable ?o)
                (isHot ?o)
                (sliceable ?o)
                (isSliced ?o)  
            )
    )))",['\n\n;; PDDL Goal: \n(:goal\n        (exists (?r - receptacle)\n        (exists (?o - object)\n            (and \n                (objectType ?o PotatoType) \n                (receptacleType ?r SinkType)\n                (inReceptacle ?o ?r)\n                (heatable ?o)\n                (isCool ?o) \n                (isOn ?o) \n            )\n    )))\n'],"(:goal
	(exists (?r - receptacle)
(exists (?o - object)
(and 
		(objectType ?o PotatoType)
		(receptacleType ?r SinkType)
		(inReceptacle ?o ?r)
		(heatable ?o)
		(isCool ?o)
		(isOn ?o))))
)"
train/pick_and_place_simple-TomatoSliced-None-SideTable-28/trial_T20190908_213552_035696,slice the tomato on the black stand.,"(:goal
        (exists (?r - receptacle)
        (exists (?o - object)
            (and 
                (objectType ?o TomatoType) 
                (receptacleType ?r SideTableType)
                (inReceptacle ?o ?r) 
                (sliceable ?o)
                (isSliced ?o) 
            )
    )))",['\n\n;; PDDL Goal: \n(:goal\n        (exists (?r - receptacle)\n        (exists (?o - object)\n            (and \n                (objectType ?o TomatoType) \n                (receptacleType ?r LaundryHamperType)\n                (inReceptacle ?o ?r)\n                (sliceable ?o)\n                (isSliced ?o) \n            )\n    )))\n'],"(:goal
	(exists (?r - receptacle)
(exists (?o - object)
(and 
		(objectType ?o TomatoType)
		(receptacleType ?r LaundryHamperType)
		(inReceptacle ?o ?r)
		(sliceable ?o)
		(isSliced ?o))))
)"
train/pick_cool_then_place_in_recep-PotatoSliced-None-CounterTop-22/trial_T20190909_040642_077525,cool a potato slice in the refrigerator.,"(:goal
        (exists (?r - receptacle)
        (exists (?o - object)
            (and 
                (objectType ?o PotatoType) 
                (receptacleType ?r CounterTopType)
                (inReceptacle ?o ?r)
                (coolable ?o)
                (isCool ?o) 
                (sliceable ?o)
                (isSliced ?o)  
            )
    )))",['\n\n;; PDDL Goal: \n(:goal\n        (exists (?r - receptacle)\n        (exists (?o - object)\n            (and \n                (objectType ?o PotatoType) \n                (receptacleType ?r FridgeType)\n                (inReceptacle ?o ?r)\n                (coolable ?o)\n                (isCool ?o) \n            )\n    )))\n'],"(:goal
	(exists (?r - receptacle)
(exists (?o - object)
(and 
		(objectType ?o PotatoType)
		(receptacleType ?r FridgeType)
		(inReceptacle ?o ?r)
		(coolable ?o)
		(isCool ?o))))
)"
train/pick_heat_then_place_in_recep-PotatoSliced-None-CounterTop-8/trial_T20190910_080205_480727,slice a potato and heat up a slice.,"(:goal
        (exists (?r - receptacle)
        (exists (?o - object)
            (and 
                (objectType ?o PotatoType) 
                (receptacleType ?r CounterTopType)
                (inReceptacle ?o ?r)
                (heatable ?o)
                (isHot ?o)
                (sliceable ?o)
                (isSliced ?o)  
            )
    )))",['\n\n;; PDDL Goal: \n(:goal\n        (exists (?r - receptacle)\n        (exists (?o - object)\n            (and \n                (objectType ?o PotatoType) \n                (receptacleType ?r StoveBurnerType)\n                (inReceptacle ?o ?r)\n                (sliceable ?o)\n                (isSliced ?o)\n                (heatable ?o)\n                (isHot ?o)\n    )))\n    )\n'],"(:goal
	(exists (?r - receptacle)
(exists (?o - object)
(and 
		(objectType ?o PotatoType)
		(receptacleType ?r StoveBurnerType)
		(inReceptacle ?o ?r)
		(sliceable ?o)
		(isSliced ?o)
		(heatable ?o)
		(isHot ?o))))
)"
train/pick_and_place_simple-TomatoSliced-None-SideTable-3/trial_T20190908_091658_623792,to put a cooled plus sliced tomato on the table to the right of the fridge.,"(:goal
        (exists (?r - receptacle)
        (exists (?o - object)
            (and 
                (objectType ?o TomatoType) 
                (receptacleType ?r SideTableType)
                (inReceptacle ?o ?r) 
                (sliceable ?o)
                (isSliced ?o) 
            )
    )))",['\n\n;; PDDL Goal: \n(:goal\n        (exists (?r - receptacle)\n        (exists (?o - object)\n            (and \n                (objectType ?o TomatoType) \n                (receptacleType ?r SideTableType)\n                (inReceptacle ?o ?r)\n                (coolable ?o)\n                (isCool ?o) \n                (sliceable ?o)\n                (isSliced ?o)\n    ))))\n'],"(:goal
	(exists (?r - receptacle)
(exists (?o - object)
(and 
		(objectType ?o TomatoType)
		(receptacleType ?r SideTableType)
		(inReceptacle ?o ?r)
		(coolable ?o)
		(isCool ?o)
		(sliceable ?o)
		(isSliced ?o))))
)"
train/pick_cool_then_place_in_recep-TomatoSliced-None-CounterTop-14/trial_T20190911_165306_552824,"put away knife , slice , chill tomato , put tomato on counter.","(:goal
        (exists (?r - receptacle)
        (exists (?o - object)
            (and 
                (objectType ?o TomatoType) 
                (receptacleType ?r CounterTopType)
                (inReceptacle ?o ?r)
                (coolable ?o)
                (isCool ?o) 
                (sliceable ?o)
                (isSliced ?o)  
            )
    )))",['\n\n;; PDDL Goal: \n(:goal\n        (exists (?r - receptacle)\n        (exists (?o - object)\n            (and \n                (objectType ?o KnifeType) \n                (receptacleType ?r SideTableType)\n                (inReceptacle ?o ?r)\n            )\n    )))\n(:goal\n        (exists (?r - receptacle)\n        (exists (?o - object)\n            (and \n                (objectType ?o TomatoType) \n                (receptacleType ?r SideTableType)\n                (inReceptacle ?o ?r)\n                (sliceable ?o)\n                (isSliced ?o) \n            )\n    )))\n(:goal\n        (exists (?r - receptacle)\n        (exists (?o - object)\n            (and \n                (objectType ?o TomatoType) \n                (receptacleType ?r SideTableType)\n                (inReceptacle ?o ?r)\n                (coolable ?o)\n                (is'],"(:goal
	(exists (?r - receptacle)
(exists (?o - object)
(and 
		(objectType ?o KnifeType)
		(receptacleType ?r SideTableType)
		(inReceptacle ?o ?r))))
)"
train/pick_heat_then_place_in_recep-Cup-None-Shelf-1/trial_T20190906_230209_175441,put a heated glass on the wooden rack.,"(:goal
        (exists (?r - receptacle)
        (exists (?o - object)
            (and 
                (objectType ?o CupType) 
                (receptacleType ?r ShelfType)
                (inReceptacle ?o ?r)
                (heatable ?o)
                (isHot ?o) 
            )
    )))",['\n\n;; PDDL Goal: \n(:goal\n        (exists (?r - receptacle)\n        (exists (?o - object)\n            (and \n                (objectType ?o GlassbottleType) \n                (receptacleType ?r SideTableType)\n                (inReceptacle ?o ?r)\n                (heatable ?o)\n                (isHot ?o) \n            )\n    )))\n'],"(:goal
	(exists (?r - receptacle)
(exists (?o - object)
(and 
		(objectType ?o GlassbottleType)
		(receptacleType ?r SideTableType)
		(inReceptacle ?o ?r)
		(heatable ?o)
		(isHot ?o))))
)"
train/pick_heat_then_place_in_recep-AppleSliced-None-CounterTop-5/trial_T20190907_232136_007074,to heat a piece of apple and place it on the counter by the toaster.,"(:goal
        (exists (?r - receptacle)
        (exists (?o - object)
            (and 
                (objectType ?o AppleType) 
                (receptacleType ?r CounterTopType)
                (inReceptacle ?o ?r)
                (heatable ?o)
                (isHot ?o)
                (sliceable ?o)
                (isSliced ?o)  
            )
    )))",['\n\n;; PDDL Goal: \n(:goal\n        (exists (?r - receptacle)\n        (exists (?o - object)\n            (and \n                (objectType ?o AppleType) \n                (receptacleType ?r DeskType)\n                (inReceptacle ?o ?r)\n                (cleanable ?o)\n                (heatable ?o)\n                (isHot ?o)\n                (isClean ?o) \n            )\n    ))\n)\n'],"(:goal
	(exists (?r - receptacle)
(exists (?o - object)
(and 
		(objectType ?o AppleType)
		(receptacleType ?r DeskType)
		(inReceptacle ?o ?r)
		(cleanable ?o)
		(heatable ?o)
		(isHot ?o)
		(isClean ?o))))
)"
train/pick_cool_then_place_in_recep-BreadSliced-None-GarbageCan-19/trial_T20190908_174425_766449,cool a bread slice plus place it in the trash can.,"(:goal
        (exists (?r - receptacle)
        (exists (?o - object)
            (and 
                (objectType ?o BreadType) 
                (receptacleType ?r GarbageCanType)
                (inReceptacle ?o ?r)
                (coolable ?o)
                (isCool ?o) 
                (sliceable ?o)
                (isSliced ?o)  
            )
    )))",['\n\n;; PDDL Goal: \n(:goal\n        (exists (?r - receptacle)\n        (exists (?o - object)\n            (and \n                (objectType ?o BreadType) \n                (receptacleType ?r FridgeType)\n                (inReceptacle ?o ?r)\n                (coolable ?o)\n                (isCool ?o) \n            )\n    )))\n'],"(:goal
	(exists (?r - receptacle)
(exists (?o - object)
(and 
		(objectType ?o BreadType)
		(receptacleType ?r FridgeType)
		(inReceptacle ?o ?r)
		(coolable ?o)
		(isCool ?o))))
)"
train/pick_cool_then_place_in_recep-Bread-None-CounterTop-7/trial_T20190909_012427_332210,to chill a loaf of bread and put it on the counter.,"(:goal
        (exists (?r - receptacle)
        (exists (?o - object)
            (and 
                (objectType ?o BreadType) 
                (receptacleType ?r CounterTopType)
                (inReceptacle ?o ?r)
                (coolable ?o)
                (isCool ?o) 
            )
    )))",['\n\n;; PDDL Goal: \n(:goal\n    (exists (?r - receptacle)\n    (exists (?o - object)\n        (and \n            (objectType ?o BreadType) \n            (receptacleType ?r CabinetType)\n            (inReceptacle ?o ?r)\n            (toggleable ?o)\n            (isToggled ?o) \n        )\n    )))\n'],"(:goal
	(exists (?r - receptacle)
(exists (?o - object)
(and 
		(objectType ?o BreadType)
		(receptacleType ?r CabinetType)
		(inReceptacle ?o ?r)
		(toggleable ?o)
		(isToggled ?o))))
)"
train/pick_cool_then_place_in_recep-BreadSliced-None-SideTable-21/trial_T20190907_101038_416790,place a cold slice of bread on a brown table.,"(:goal
        (exists (?r - receptacle)
        (exists (?o - object)
            (and 
                (objectType ?o BreadType) 
                (receptacleType ?r SideTableType)
                (inReceptacle ?o ?r)
                (coolable ?o)
                (isCool ?o) 
                (sliceable ?o)
                (isSliced ?o)  
            )
    )))",['\n\n;; PDDL Goal: \n(:goal\n        (exists (?r - receptacle)\n        (exists (?o - object)\n            (and \n                (objectType ?o BookType) \n                (receptacleType ?r SideTableType)\n                (inReceptacle ?o ?r)\n                (toggleable ?o) \n                (isToggled ?o)\n            )\n    )))\n'],"(:goal
	(exists (?r - receptacle)
(exists (?o - object)
(and 
		(objectType ?o BookType)
		(receptacleType ?r SideTableType)
		(inReceptacle ?o ?r)
		(toggleable ?o)
		(isToggled ?o))))
)"
train/pick_heat_then_place_in_recep-Egg-None-DiningTable-18/trial_T20190908_051307_917970,place a cooked egg onto the table.,"(:goal
        (exists (?r - receptacle)
        (exists (?o - object)
            (and 
                (objectType ?o EggType) 
                (receptacleType ?r DiningTableType)
                (inReceptacle ?o ?r)
                (heatable ?o)
                (isHot ?o) 
            )
    )))",[' the table is to the right of the stove. \n\n\n;; PDDL Goal: \n(:goal\n        (exists (?r - receptacle)\n        (exists (?o - object)\n            (and \n                (objectType ?o EggType) \n                (receptacleType ?r DiningTableType)\n                (inReceptacle ?o ?r)\n                (heatable ?o)\n                (isClean ?o) \n                (isHot ?o) \n            )\n    )))\n'],"(:goal
	(exists (?r - receptacle)
(exists (?o - object)
(and 
		(objectType ?o EggType)
		(receptacleType ?r DiningTableType)
		(inReceptacle ?o ?r)
		(heatable ?o)
		(isClean ?o)
		(isHot ?o))))
)"
train/pick_heat_then_place_in_recep-Tomato-None-Fridge-12/trial_T20190906_190441_327141,put the cooked tomato in the fridge.,"(:goal
        (exists (?r - receptacle)
        (exists (?o - object)
            (and 
                (objectType ?o TomatoType) 
                (receptacleType ?r FridgeType)
                (inReceptacle ?o ?r)
                (heatable ?o)
                (isHot ?o) 
            )
    )))",['\n\n;; PDDL Goal: \n(:goal\n        (exists (?r - receptacle)\n        (exists (?o - object)\n            (and \n                (objectType ?o TomatoType) \n                (receptacleType ?r FridgeType)\n                (inReceptacle ?o ?r)\n                (heatable ?o)\n                (isHot ?o) \n            )\n    )))\n'],"(:goal
	(exists (?r - receptacle)
(exists (?o - object)
(and 
		(objectType ?o TomatoType)
		(receptacleType ?r FridgeType)
		(inReceptacle ?o ?r)
		(heatable ?o)
		(isHot ?o))))
)"
train/pick_cool_then_place_in_recep-AppleSliced-None-GarbageCan-25/trial_T20190908_193803_869487,to put an apple slice in the trash can.,"(:goal
        (exists (?r - receptacle)
        (exists (?o - object)
            (and 
                (objectType ?o AppleType) 
                (receptacleType ?r GarbageCanType)
                (inReceptacle ?o ?r)
                (coolable ?o)
                (isCool ?o) 
                (sliceable ?o)
                (isSliced ?o)  
            )
    )))",['\n\n;; PDDL Goal: \n(:goal\n        (exists (?o - object)\n        (exists (?r - receptacle)\n            (and (toggleable ?o)\n                 (isClean ?o)\n                 (objectType ?o AppleType)\n                 (inReceptacle ?o ?r)\n    ))))\n'],"(:goal
	(exists (?r - receptacle)
(exists (?o - object)
(and 
		(toggleable ?o)
		(isClean ?o)
		(objectType ?o AppleType)
		(inReceptacle ?o ?r))))
)"
train/look_at_obj_in_light-CD-None-DeskLamp-328/trial_T20190908_004539_969224,take the cd out of the trash and turn the lamp on.,"(:goal
        (exists (?a - agent)
        (exists (?r - receptacle)
        (exists (?o - object)
        (exists (?ot - object)
        (exists (?l - location)
            (and 
                (objectType ?ot DeskLampType)
                (toggleable ?ot)
                (isToggled ?ot) 
                (objectAtLocation ?ot ?l)
                (atLocation ?a ?l)
                (objectType ?o CDType)
                (holds ?a ?o)
            )
    ))))))",['  Put the cd in the player.\n\n;; PDDL Goal: \n(:goal\n        (and\n            (isToggled DeskLamp)\n            (exists (?r - receptacle)\n            (exists (?o - object)\n                (and \n                    (objectType ?o CDType) \n                    (receptacleType ?r GarbageCanType)\n                    (inReceptacle ?o ?r)\n                )\n    )))\n    )\n'],"(:goal
	(and 
		(isToggled DeskLamp))
)"
train/pick_cool_then_place_in_recep-Bread-None-CounterTop-16/trial_T20190907_221816_384897,"cool the bread with refrigerator , put the bread on the counter.","(:goal
        (exists (?r - receptacle)
        (exists (?o - object)
            (and 
                (objectType ?o BreadType) 
                (receptacleType ?r CounterTopType)
                (inReceptacle ?o ?r)
                (coolable ?o)
                (isCool ?o) 
            )
    )))",['\n\n;; PDDL Goal: \n(:goal\n        (exists (?r - receptacle)\n        (exists (?o - object)\n            (and \n                (objectType ?o Bread) \n                (receptacleType ?r SideTableType)\n                (inReceptacle ?o ?r)\n                (coolable ?o)\n                (isCool ?o) \n            )\n    )))\n\n<END>'],"(:goal
	(exists (?r - receptacle)
(exists (?o - object)
(and 
		(objectType ?o Bread)
		(receptacleType ?r SideTableType)
		(inReceptacle ?o ?r)
		(coolable ?o)
		(isCool ?o))))
)"
train/pick_cool_then_place_in_recep-BreadSliced-None-DiningTable-27/trial_T20190908_080050_227088,preparing bread and taking it to the table.,"(:goal
        (exists (?r - receptacle)
        (exists (?o - object)
            (and 
                (objectType ?o BreadType) 
                (receptacleType ?r DiningTableType)
                (inReceptacle ?o ?r)
                (coolable ?o)
                (isCool ?o) 
                (sliceable ?o)
                (isSliced ?o)  
            )
    )))",['\n\n;; PDDL Goal: \n(:goal\n        (exists (?r - receptacle)\n        (exists (?o - object)\n            (and \n                (objectType ?o BreadType) \n                (receptacleType ?r SideTableType)\n                (inReceptacle ?o ?r)\n                (cleanable ?o)\n                (isClean ?o) \n            )\n    )))\n'],"(:goal
	(exists (?r - receptacle)
(exists (?o - object)
(and 
		(objectType ?o BreadType)
		(receptacleType ?r SideTableType)
		(inReceptacle ?o ?r)
		(cleanable ?o)
		(isClean ?o))))
)"
train/look_at_obj_in_light-Pillow-None-DeskLamp-319/trial_T20190907_224200_196003,"get a pillow from the bed , take it to the nightstand and turn on the lamp.","(:goal
        (exists (?a - agent)
        (exists (?r - receptacle)
        (exists (?o - object)
        (exists (?ot - object)
        (exists (?l - location)
            (and 
                (objectType ?ot DeskLampType)
                (toggleable ?ot)
                (isToggled ?ot) 
                (objectAtLocation ?ot ?l)
                (atLocation ?a ?l)
                (objectType ?o PillowType)
                (holds ?a ?o)
            )
    ))))))",['\n\n;; PDDL Goal: \n(:goal\n        (exists (?r - receptacle)\n        (exists (?o - object)\n            (and \n                (objectType ?o PillowType) \n                (receptacleType ?r BedType)\n                (inReceptacle ?o ?r)\n                (isClean ?o) \n            )\n    )))\n'],"(:goal
	(exists (?r - receptacle)
(exists (?o - object)
(and 
		(objectType ?o PillowType)
		(receptacleType ?r BedType)
		(inReceptacle ?o ?r)
		(isClean ?o))))
)"
train/pick_cool_then_place_in_recep-Potato-None-Microwave-13/trial_T20190907_200955_697787,put the chilled potato in the microwave.,"(:goal
        (exists (?r - receptacle)
        (exists (?o - object)
            (and 
                (objectType ?o PotatoType) 
                (receptacleType ?r MicrowaveType)
                (inReceptacle ?o ?r)
                (coolable ?o)
                (isCool ?o) 
            )
    )))",['\n\n;; PDDL Goal: \n(:goal\n        (exists (?r - receptacle)\n        (exists (?o - object)\n            (and \n                (objectType ?o PotatoType) \n                (receptacleType ?r MicrowaveType)\n                (inReceptacle ?o ?r)\n                (coolable ?o)\n                (isCool ?o) \n            )\n    )))\n'],"(:goal
	(exists (?r - receptacle)
(exists (?o - object)
(and 
		(objectType ?o PotatoType)
		(receptacleType ?r MicrowaveType)
		(inReceptacle ?o ?r)
		(coolable ?o)
		(isCool ?o))))
)"
train/pick_cool_then_place_in_recep-PotatoSliced-None-GarbageCan-18/trial_T20190909_070614_702720,put a chilled slice of potato in the trash can.,"(:goal
        (exists (?r - receptacle)
        (exists (?o - object)
            (and 
                (objectType ?o PotatoType) 
                (receptacleType ?r GarbageCanType)
                (inReceptacle ?o ?r)
                (coolable ?o)
                (isCool ?o) 
                (sliceable ?o)
                (isSliced ?o)  
            )
    )))",['\n\n;; PDDL Goal: \n(:goal\n        (exists (?r - receptacle)\n        (exists (?o - object)\n            (and \n                (objectType ?o PotatoType) \n                (receptacleType ?r SideTableType)\n                (inReceptacle ?o ?r)\n                (coolable ?o)\n                (isCool ?o)\n                (cleanable ?o)\n                (isClean ?o) \n            )\n    )))\n'],"(:goal
	(exists (?r - receptacle)
(exists (?o - object)
(and 
		(objectType ?o PotatoType)
		(receptacleType ?r SideTableType)
		(inReceptacle ?o ?r)
		(coolable ?o)
		(isCool ?o)
		(cleanable ?o)
		(isClean ?o))))
)"
train/pick_heat_then_place_in_recep-Egg-None-SideTable-28/trial_T20190908_115607_419115,place a heated egg on a table.,"(:goal
        (exists (?r - receptacle)
        (exists (?o - object)
            (and 
                (objectType ?o EggType) 
                (receptacleType ?r SideTableType)
                (inReceptacle ?o ?r)
                (heatable ?o)
                (isHot ?o) 
            )
    )))",['\n\n;; PDDL Goal: \n(:goal\n        (exists (?r - receptacle)\n        (exists (?o - object)\n            (and \n                (objectType ?o EggType) \n                (receptacleType ?r SideTableType)\n                (inReceptacle ?o ?r)\n                (heatable ?o)\n                (isHot ?o) \n            )\n    )))\n'],"(:goal
	(exists (?r - receptacle)
(exists (?o - object)
(and 
		(objectType ?o EggType)
		(receptacleType ?r SideTableType)
		(inReceptacle ?o ?r)
		(heatable ?o)
		(isHot ?o))))
)"
train/pick_heat_then_place_in_recep-Apple-None-GarbageCan-12/trial_T20190908_172429_549227,"cook the apple with microwave , put the cooked apple in the trash bin.","(:goal
        (exists (?r - receptacle)
        (exists (?o - object)
            (and 
                (objectType ?o AppleType) 
                (receptacleType ?r GarbageCanType)
                (inReceptacle ?o ?r)
                (heatable ?o)
                (isHot ?o) 
            )
    )))",['\n\n;; PDDL Goal: \n(:goal\n        (exists (?r - receptacle)\n        (exists (?o - object)\n            (and \n                (objectType ?o AppleType) \n                (receptacleType ?r CabinetType)\n                (inReceptacle ?o ?r)\n                (heatable ?o)\n                (isHot ?o) \n            )\n    )))\n'],"(:goal
	(exists (?r - receptacle)
(exists (?o - object)
(and 
		(objectType ?o AppleType)
		(receptacleType ?r CabinetType)
		(inReceptacle ?o ?r)
		(heatable ?o)
		(isHot ?o))))
)"
train/pick_and_place_simple-PotatoSliced-None-SinkBasin-25/trial_T20190907_062036_745419,slice a vegetable from the fridge in the sink.,"(:goal
        (exists (?r - receptacle)
        (exists (?o - object)
            (and 
                (objectType ?o PotatoType) 
                (receptacleType ?r SinkBasinType)
                (inReceptacle ?o ?r) 
                (sliceable ?o)
                (isSliced ?o) 
            )
    )))",['\n\n;; PDDL Goal: \n(:goal\n        (exists (?r - receptacle)\n        (exists (?o - object)\n            (and \n                (objectType ?o TomatoType) \n                (receptacleType ?r SinkType)\n                (inReceptacle ?o ?r)\n                (sliceable ?o)\n                (isSliced ?o) \n            )\n    )))\n'],"(:goal
	(exists (?r - receptacle)
(exists (?o - object)
(and 
		(objectType ?o TomatoType)
		(receptacleType ?r SinkType)
		(inReceptacle ?o ?r)
		(sliceable ?o)
		(isSliced ?o))))
)"
train/pick_heat_then_place_in_recep-Tomato-None-SideTable-3/trial_T20190907_140946_092791,put a heated tomato on the table next to the microwave.,"(:goal
        (exists (?r - receptacle)
        (exists (?o - object)
            (and 
                (objectType ?o TomatoType) 
                (receptacleType ?r SideTableType)
                (inReceptacle ?o ?r)
                (heatable ?o)
                (isHot ?o) 
            )
    )))",['\n\n;; PDDL Goal: \n(:goal\n        (exists (?r - receptacle)\n        (exists (?o - object)\n            (and \n                (objectType ?o TomatoType) \n                (receptacleType ?r SideTableType)\n                (inReceptacle ?o ?r)\n                (heatable ?o)\n                (isHot ?o) \n            )\n    )))\n'],"(:goal
	(exists (?r - receptacle)
(exists (?o - object)
(and 
		(objectType ?o TomatoType)
		(receptacleType ?r SideTableType)
		(inReceptacle ?o ?r)
		(heatable ?o)
		(isHot ?o))))
)"
train/pick_heat_then_place_in_recep-BreadSliced-None-SideTable-28/trial_T20190907_180304_503402,"slice a loaf of bread with a knife , cook it in a microwave put it the small brown table.","(:goal
        (exists (?r - receptacle)
        (exists (?o - object)
            (and 
                (objectType ?o BreadType) 
                (receptacleType ?r SideTableType)
                (inReceptacle ?o ?r)
                (heatable ?o)
                (isHot ?o)
                (sliceable ?o)
                (isSliced ?o)  
            )
    )))",['\n\n;; PDDL Goal: \n(:goal\n        (and\n        (exists (?r - receptacle)\n        (exists (?o - object)\n            (and \n                (objectType ?o BreadType) \n                (receptacleType ?r SideTableType)\n                (inReceptacle ?o ?r)\n                (toggleable ?o)\n                (isOn ?o)\n                (sliceable ?o)\n                (isSliced ?o)\n            )\n    ))\n            (exists (?o2 - object)\n            (and\n                (objectType ?o2 BreadType) \n                (inReceptacleObject EggType ?o2)\n                (toggleable ?o2)\n                (isOn ?o2)\n                (heatable ?o2) \n                (isHot ?o2)))\n    )\n    )\n'],"(:goal
	(and 
		)
)"
train/pick_cool_then_place_in_recep-PotatoSliced-None-CounterTop-22/trial_T20190909_040822_239216,to cool a potato slice and place it on the counter.,"(:goal
        (exists (?r - receptacle)
        (exists (?o - object)
            (and 
                (objectType ?o PotatoType) 
                (receptacleType ?r CounterTopType)
                (inReceptacle ?o ?r)
                (coolable ?o)
                (isCool ?o) 
                (sliceable ?o)
                (isSliced ?o)  
            )
    )))",['\n\n;; PDDL Goal: \n(:goal\n        (exists (?r - receptacle)\n        (exists (?o - object)\n            (and \n                (objectType ?o PotatoType) \n                (receptacleType ?r SideTableType)\n                (inReceptacle ?o ?r)\n                (isHot ?o)\n                (coolable ?o)\n                (isCool ?o) \n            )\n    )))\n'],"(:goal
	(exists (?r - receptacle)
(exists (?o - object)
(and 
		(objectType ?o PotatoType)
		(receptacleType ?r SideTableType)
		(inReceptacle ?o ?r)
		(isHot ?o)
		(coolable ?o)
		(isCool ?o))))
)"
train/look_at_obj_in_light-Newspaper-None-FloorLamp-212/trial_T20190908_112042_584512,carry a newspaper while turning on a lamp.,"(:goal
        (exists (?a - agent)
        (exists (?r - receptacle)
        (exists (?o - object)
        (exists (?ot - object)
        (exists (?l - location)
            (and 
                (objectType ?ot FloorLampType)
                (toggleable ?ot)
                (isToggled ?ot) 
                (objectAtLocation ?ot ?l)
                (atLocation ?a ?l)
                (objectType ?o NewspaperType)
                (holds ?a ?o)
            )
    ))))))",['\n\n;; PDDL Goal: \n(:goal\n        (exists (?r - receptacle)\n        (exists (?o - object)\n            (and \n                (objectType ?o NewspaperType) \n                (receptacleType ?r SideTableType)\n                (inReceptacle ?o ?r)\n                (cleanable ?o)\n                (isClean ?o) \n            )\n    )))\n'],"(:goal
	(exists (?r - receptacle)
(exists (?o - object)
(and 
		(objectType ?o NewspaperType)
		(receptacleType ?r SideTableType)
		(inReceptacle ?o ?r)
		(cleanable ?o)
		(isClean ?o))))
)"
train/pick_cool_then_place_in_recep-Pot-None-DiningTable-24/trial_T20190908_111415_336140,put a chilled pot on the table.,"(:goal
        (exists (?r - receptacle)
        (exists (?o - object)
            (and 
                (objectType ?o PotType) 
                (receptacleType ?r DiningTableType)
                (inReceptacle ?o ?r)
                (coolable ?o)
                (isCool ?o) 
            )
    )))",['\n\n;; PDDL Goal: \n(:goal\n        (exists (?r - receptacle)\n        (exists (?o - object)\n            (and \n                (objectType ?o PotType) \n                (receptacleType ?r SideTableType)\n                (inReceptacle ?o ?r)\n                (coolable ?o)\n                (isCool ?o) \n            )\n    )))\n'],"(:goal
	(exists (?r - receptacle)
(exists (?o - object)
(and 
		(objectType ?o PotType)
		(receptacleType ?r SideTableType)
		(inReceptacle ?o ?r)
		(coolable ?o)
		(isCool ?o))))
)"
train/pick_cool_then_place_in_recep-AppleSliced-None-Microwave-25/trial_T20190908_055159_132487,preparing an apple and putting it in the microwave.,"(:goal
        (exists (?r - receptacle)
        (exists (?o - object)
            (and 
                (objectType ?o AppleType) 
                (receptacleType ?r MicrowaveType)
                (inReceptacle ?o ?r)
                (coolable ?o)
                (isCool ?o) 
                (sliceable ?o)
                (isSliced ?o)  
            )
    )))",['\n\n;; PDDL Goal: \n(:goal\n        (and \n            (isClean apple)\n            (and\n                (and \n                (sliceable ?o - object) \n                (isSliced ?o - object) \n                (inReceptacle ?o - object ?r - receptacle)\n                )\n            )\n    ))\n)\n(:goal\n        (exists (?r - receptacle)\n        (exists (?o - object)\n            (and \n                (objectType ?o AppleType) \n                (receptacleType ?r MicrowaveType) \n                (inReceptacle ?o ?r) \n            )\n    )))\n'],"(:goal
	(and 
		(isClean apple))
)"
train/pick_cool_then_place_in_recep-Egg-None-SinkBasin-25/trial_T20190909_105100_154263,put an egg in the fridge then the sink.,"(:goal
        (exists (?r - receptacle)
        (exists (?o - object)
            (and 
                (objectType ?o EggType) 
                (receptacleType ?r SinkBasinType)
                (inReceptacle ?o ?r)
                (coolable ?o)
                (isCool ?o) 
            )
    )))",['\n\n;; PDDL Goal: \n(:goal\n        (exists (?r - receptacle)\n        (exists (?o - object)\n            (and \n                (objectType ?o EggType) \n                (receptacleType ?r FridgeType)\n                (inReceptacle ?o ?r)\n            )\n    )))\n'],"(:goal
	(exists (?r - receptacle)
(exists (?o - object)
(and 
		(objectType ?o EggType)
		(receptacleType ?r FridgeType)
		(inReceptacle ?o ?r))))
)"
train/pick_and_place_simple-AppleSliced-None-Microwave-14/trial_T20190908_171220_804585,use a butter knife to slice up an apple that is in the microwave.,"(:goal
        (exists (?r - receptacle)
        (exists (?o - object)
            (and 
                (objectType ?o AppleType) 
                (receptacleType ?r MicrowaveType)
                (inReceptacle ?o ?r) 
                (sliceable ?o)
                (isSliced ?o) 
            )
    )))",['\n\n;; PDDL Goal: \n(:goal\n        (exists (?o - object)\n        (exists (?r - receptacle)\n            (and \n                (objectType ?knife ButterKnifeType) \n                (receptacleType ?r MicrowaveType)\n                (inReceptacle ?o ?r)\n                (receptacleType ?o AppleType)\n                (isSliced ?o) \n            )\n    )))\n'],"(:goal
	(exists (?r - receptacle)
(exists (?o - receptacle)
(exists (?o - object)
(exists (?knife - object)
(and 
		(objectType ?knife ButterKnifeType)
		(receptacleType ?r MicrowaveType)
		(inReceptacle ?o ?r)
		(receptacleType ?o AppleType)
		(isSliced ?o))))))
)"
train/pick_heat_then_place_in_recep-TomatoSliced-None-GarbageCan-23/trial_T20190909_034745_393039,throw away a slice of heated tomato in the trash bin.,"(:goal
        (exists (?r - receptacle)
        (exists (?o - object)
            (and 
                (objectType ?o TomatoType) 
                (receptacleType ?r GarbageCanType)
                (inReceptacle ?o ?r)
                (heatable ?o)
                (isHot ?o)
                (sliceable ?o)
                (isSliced ?o)  
            )
    )))",['\n\n;; PDDL Goal: \n(:goal\n        (exists (?agent1 - agent)\n        (exists (?o - object)\n        (exists (?r - receptacle)\n            (and \n            (receptacleType ?r GarbageCanType)\n            (objectType ?o TomatoType)\n            (inReceptacle ?o ?r)\n            (heatable ?o) \n            (isHot ?o) \n            (sliceable ?o) \n            (isSliced ?o) \n            )\n        ))))\n'],"(:goal
	(exists (?r - receptacle)
(exists (?o - object)
(and 
		(receptacleType ?r GarbageCanType)
		(objectType ?o TomatoType)
		(inReceptacle ?o ?r)
		(heatable ?o)
		(isHot ?o)
		(sliceable ?o)
		(isSliced ?o))))
)"
train/pick_and_place_simple-BreadSliced-None-SideTable-3/trial_T20190906_235928_630179,place a slice of bread in front of the microwave.,"(:goal
        (exists (?r - receptacle)
        (exists (?o - object)
            (and 
                (objectType ?o BreadType) 
                (receptacleType ?r SideTableType)
                (inReceptacle ?o ?r) 
                (sliceable ?o)
                (isSliced ?o) 
            )
    )))",['\n\n;; PDDL Goal: \n(:goal\n        (exists (?r - receptacle)\n        (exists (?o - object)\n            (and \n                (objectType ?o BreadType) \n                (receptacleType ?r SideTableType)\n                (inReceptacle ?o ?r)\n                (sliceable ?o)\n                (isSliced ?o) \n            )\n    )))\n\n<END>'],"(:goal
	(exists (?r - receptacle)
(exists (?o - object)
(and 
		(objectType ?o BreadType)
		(receptacleType ?r SideTableType)
		(inReceptacle ?o ?r)
		(sliceable ?o)
		(isSliced ?o))))
)"
train/look_at_obj_in_light-WateringCan-None-DeskLamp-224/trial_T20190907_122624_148095,"grab the white pot on the floor , turn on the lamp on the end table.","(:goal
        (exists (?a - agent)
        (exists (?r - receptacle)
        (exists (?o - object)
        (exists (?ot - object)
        (exists (?l - location)
            (and 
                (objectType ?ot DeskLampType)
                (toggleable ?ot)
                (isToggled ?ot) 
                (objectAtLocation ?ot ?l)
                (atLocation ?a ?l)
                (objectType ?o WateringCanType)
                (holds ?a ?o)
            )
    ))))))",['\n\n;; PDDL Goal: \n(:goal\n        (exists (?p - object)\n        (and \n            (objectType ?p Pot)\n            (inReceptacleObject ?p ?outerObject)\n            (inReceptacleObject ?outerObject anyReceptacle)\n        )\n    )\n        (exists (?l - object)\n        (and \n            (toggleable ?l)\n            (isToggled ?l) \n        )\n    )\n)\n'],"(:goal
	(exists (?p - object)
(exists (?outerObject - object)
(and 
		(objectType ?p Pot)
		(inReceptacleObject ?p ?outerObject)
		(inReceptacleObject ?outerObject anyReceptacle))))
)"
train/look_at_obj_in_light-CD-None-DeskLamp-305/trial_T20190909_132447_100635,examine cd with a lamp.,"(:goal
        (exists (?a - agent)
        (exists (?r - receptacle)
        (exists (?o - object)
        (exists (?ot - object)
        (exists (?l - location)
            (and 
                (objectType ?ot DeskLampType)
                (toggleable ?ot)
                (isToggled ?ot) 
                (objectAtLocation ?ot ?l)
                (atLocation ?a ?l)
                (objectType ?o CDType)
                (holds ?a ?o)
            )
    ))))))",['\n\n;; PDDL Goal: \n(:goal\n        (exists (?r - receptacle)\n        (exists (?o - object)\n            (and \n                (objectType ?o CDType) \n                (receptacleType ?r DiningTableType)\n                (inReceptacle ?o ?r)\n                (cleanable ?o)\n                (isClean ?o) \n            )\n    )))\n'],"(:goal
	(exists (?r - receptacle)
(exists (?o - object)
(and 
		(objectType ?o CDType)
		(receptacleType ?r DiningTableType)
		(inReceptacle ?o ?r)
		(cleanable ?o)
		(isClean ?o))))
)"
train/pick_and_place_simple-AppleSliced-None-Microwave-14/trial_T20190908_171329_509999,slice a cooked apple.,"(:goal
        (exists (?r - receptacle)
        (exists (?o - object)
            (and 
                (objectType ?o AppleType) 
                (receptacleType ?r MicrowaveType)
                (inReceptacle ?o ?r) 
                (sliceable ?o)
                (isSliced ?o) 
            )
    )))",['\n\n;; PDDL Goal: \n(:goal\n        (exists (?o - object)\n            (and\n                (objectType ?o AppleType) \n                (heatable ?o)\n                (isHot ?o)\n                (sliceable ?o)\n            )\n    ))\n'],"(:goal
	(exists (?o - object)
(and 
		(objectType ?o AppleType)
		(heatable ?o)
		(isHot ?o)
		(sliceable ?o)))
)"
