problem,nl_goal,gt_pddl_goal,codex_raw_goals,codex_preprocessed_goal
train_3,Mine potato from the map.,"(:goal (and
   (inventory-holding i3 o17)
   (object-of-type o17 Potato)
 ))",['\n\n;; PDDL Goal: \n(:goal (and\n   (inventory-holding i3 o17)\n   (object-of-type o17 Potato)\n ))\n'],"(:goal
	(and 
		(inventory-holding i3 o17)
		(object-of-type o17 Potato))
)"
train_4,Mine sugar cane from the map.,"(:goal (and
   (inventory-holding i3 o17)
   (object-of-type o17 SugarCane)
 ))",['\n\n;; PDDL Goal: \n(:goal (and\n   (inventory-holding i3 o17)\n   (object-of-type o17 SugarCane)\n ))\n'],"(:goal
	(and 
		(inventory-holding i3 o17)
		(object-of-type o17 SugarCane))
)"
train_5,Mine potato from the map.,"(:goal (and
   (inventory-holding i3 o17)
   (object-of-type o17 Potato)
 ))",['\n\n;; PDDL Goal: \n(:goal (and\n   (inventory-holding i3 o17)\n   (object-of-type o17 Potato)\n ))\n'],"(:goal
	(and 
		(inventory-holding i3 o17)
		(object-of-type o17 Potato))
)"
train_6,Mine sugar cane from the map.,"(:goal (and
   (inventory-holding i3 o17)
   (object-of-type o17 SugarCane)
 ))",['\n\n;; PDDL Goal: \n(:goal (and\n   (inventory-holding i3 o17)\n   (object-of-type o17 SugarCane)\n ))\n'],"(:goal
	(and 
		(inventory-holding i3 o17)
		(object-of-type o17 SugarCane))
)"
train_7,Mine wool from the map.,"(:goal (and
   (inventory-holding i3 o17)
   (object-of-type o17 Wool)
 ))",['\n\n;; PDDL Goal: \n(:goal (and\n   (inventory-holding i3 o17)\n   (object-of-type o17 Wool)\n ))\n'],"(:goal
	(and 
		(inventory-holding i3 o17)
		(object-of-type o17 Wool))
)"
train_8,Mine sugar cane from the map.,"(:goal (and
   (inventory-holding i3 o17)
   (object-of-type o17 SugarCane)
 ))",['\n\n;; PDDL Goal: \n(:goal (and\n   (inventory-holding i3 o17)\n   (object-of-type o17 SugarCane)\n ))\n'],"(:goal
	(and 
		(inventory-holding i3 o17)
		(object-of-type o17 SugarCane))
)"
train_9,Mine gold ore from the map.,"(:goal (and
   (inventory-holding i3 o17)
   (object-of-type o17 GoldOre)
 ))",['\n\n;; PDDL Goal: \n(:goal (and\n   (inventory-holding i3 o17)\n   (object-of-type o17 GoldOre)\n ))\n'],"(:goal
	(and 
		(inventory-holding i3 o17)
		(object-of-type o17 GoldOre))
)"
